<?xml version="1.0" encoding="UTF-8" standalone="yes"?>
<addon id="plugin.audio.rhapsody" name="Rhapsody" version="2.0.0" provider-name="pogowurst">
    <requires>
        <import addon="xbmc.python" version="2.1.0"/>
        <import addon="script.module.xbmcswift2" version="2.4.0" />
        <import addon="script.module.requests" version="2.4.3" />
    </requires>
    <extension point="xbmc.python.pluginsource" library="addon.py">
        <provides>audio</provides>
    </extension>
    <extension point="xbmc.addon.metadata">
        <summary lang="en">Plugin for Rhapsody/Napster/MTV-Music</summary>
        <description lang="en">

        </description>
        <summary lang="de">Plugin für Rhapsody/Napster/MTV-Music</summary>
        <description lang="de">

        </description>
        <disclaimer/>
        <language>en de</language>
        <platform>all</platform>
        <license/>
        <forum/>
        <website/>
        <email/>
        <source/>
    </extension>
</addon>