<?xml version="1.0" encoding="UTF-8" standalone="yes"?>
<addon id="plugin.audio.rhapsody" name="Rhapsody" version="2.4.1" provider-name="pogowurst">
    <requires>
        <import addon="xbmc.python" version="2.1.0"/>
        <import addon="script.module.xbmcswift2" version="2.4.0"/>
        <import addon="script.module.requests" version="2.4.3"/>
    </requires>
    <extension point="xbmc.python.pluginsource" library="addon.py">
        <provides>audio</provides>
    </extension>
    <extension point="xbmc.addon.metadata">
        <summary lang="en">Rhapsody music add-on</summary>
        <description lang="en">Listen to over 35 million songs in the Rhapsody music catalog. Manage your music library and playlists in a comfortable way. Use top artists, albums and tracks or radio stations to discover something new. A Rhapsody subscription is required.</description>
        <summary lang="de">Rhapsody Musik Add-On</summary>
        <description lang="de">Höre mehr als 35 Millionen Songs aus dem Rhapsody Musikkatalog. Verwalte bequem deine Musikbibliothek und Wiedergabelisten. Verwende Top-Künstler, Alben und Titel oder Radiosender um etwas Neues zu entdecken. Eine kostenpflichtige Rhapsody-Mitgliedschaft wird benötigt.</description>
        <disclaimer/>
        <language>en de</language>
        <platform>all</platform>
        <license>GNU GENERAL PUBLIC LICENSE. Version 2, June 1991</license>
        <forum/>
        <website/>
        <email/>
        <source>https://github.com/pogowurst/plugin.audio.rhapsody</source>
    </extension>
</addon>